,City,Cloudiness,Country,Date,Humidity,Lat,Lng,Max Temp,Wind Speed
0,lebu,91,CL,1587235501,68,-37.62,-73.65,64.29,6.55
1,mataura,100,NZ,1587235369,93,-46.19,168.86,42.01,5.01
2,bara,65,NG,1587235303,9,10.37,10.73,92.21,2.04
3,punta arenas,20,PH,1587235499,77,8.99,125.34,77.34,5.01
4,nara,99,JP,1587235597,55,34.69,135.8,55.99,1.99
5,hobart,40,AU,1587235206,87,-42.88,147.33,45.0,1.12
6,broome,90,US,1587235524,69,42.25,-75.83,43.0,12.75
7,norman wells,1,US,1587235316,33,35.22,-97.44,62.01,11.41
8,saint-philippe,20,RE,1587235520,78,-21.36,55.77,77.0,10.29
9,albany,98,US,1587235495,69,42.6,-73.97,43.0,4.0
10,collie,100,AU,1587235767,67,-33.37,116.15,62.01,10.09
11,hilo,1,US,1587235219,64,19.73,-155.09,75.2,5.66
12,jamestown,75,US,1587235498,55,42.1,-79.24,43.0,12.75
13,bethel,90,US,1587235512,80,41.37,-73.41,41.0,9.17
14,lugoba,100,TZ,1587235767,90,-6.45,38.33,73.08,3.67
15,villa carlos paz,60,IT,1587235767,48,46.2,10.13,57.38,2.44
16,cascavel,88,BR,1587235767,42,-24.96,-53.46,73.18,4.5
17,cagayan de tawi-tawi,65,PH,1587235767,79,6.97,118.51,84.11,7.7
18,talara,19,PE,1587235543,48,-4.58,-81.27,87.8,11.41
19,busselton,100,AU,1587235384,67,-33.65,115.33,62.01,22.86
20,atuona,63,PF,1587235500,79,-9.8,-139.03,82.26,14.2
21,mangochi,35,MW,1587235768,73,-14.48,35.26,70.54,6.35
22,dubovskoye,100,RU,1587235768,55,47.41,42.76,52.0,6.42
23,tuktoyaktuk,40,CA,1587235496,77,69.45,-133.04,6.8,6.93
24,upata,19,VE,1587235768,22,8.01,-62.4,99.48,4.5
25,hermanus,6,ZA,1587235319,54,-34.42,19.23,67.57,2.06
26,tiksi,92,RU,1587235493,87,71.69,128.87,5.04,4.7
27,rikitea,1,PF,1587235498,70,-23.12,-134.97,76.78,4.68
28,mys shmidta,100,RU,1587235508,94,62.06,48.62,35.1,1.41
29,faanui,60,PF,1587235271,70,-16.48,-151.75,82.76,8.72
30,caravelas,98,BR,1587235769,78,-17.71,-39.25,77.49,21.54
31,kapaa,20,US,1587235493,73,22.08,-159.32,77.0,12.75
32,carnarvon,75,AU,1587235506,88,-24.87,113.63,75.2,14.99
33,kirakira,100,SB,1587235769,86,-10.45,161.92,77.43,0.74
34,chokurdakh,56,RU,1587235344,86,70.63,147.92,-12.08,7.52
35,port elizabeth,99,CD,1587235510,58,-7.03,29.76,74.89,3.44
36,souillac,40,MU,1587235551,74,-20.52,57.52,79.0,16.11
37,provideniya,100,RU,1587235279,95,64.38,-173.3,21.16,16.24
38,batagay-alyta,0,RU,1587235770,67,67.8,130.41,-7.1,4.45
39,dosso,35,NE,1587235770,14,13.05,3.19,94.91,4.32
40,alice,90,US,1587235688,93,27.75,-98.07,60.8,10.29
41,bad windsheim,97,DE,1587235514,30,47.63,9.83,59.0,3.0
42,sulangan,0,PH,1587235724,79,11.14,123.72,81.61,11.03
43,riyadh,40,SA,1587235723,39,24.69,46.72,82.4,5.82
44,katsuura,4,JP,1587235533,71,35.13,140.3,57.99,3.0
45,scarborough,50,GB,1587235657,89,54.28,-0.4,46.0,1.01
46,atar,0,MR,1587235526,13,20.52,-13.05,86.22,15.46
47,nhulunbuy,72,AU,1587235771,88,-12.23,136.77,77.0,9.08
48,upernavik,100,GL,1587235233,89,72.79,-56.15,25.68,29.04
49,cape town,75,CL,1587235497,64,-36.41,-71.9,75.2,10.29
50,evensk,81,RU,1587235771,88,61.95,159.23,10.67,11.99
51,jamiltepec,64,MX,1587235771,39,16.28,-97.82,89.82,8.41
52,tagusao,69,PH,1587235771,79,9.19,117.81,81.25,2.13
53,saint-augustin,33,CA,1587235565,88,51.23,-58.65,29.7,17.52
54,port macquarie,99,CD,1587235497,58,-7.03,29.76,74.89,3.44
55,lavrentiya,100,RU,1587235771,96,65.58,-171.0,17.69,13.2
56,port alfred,99,CD,1587235496,58,-7.03,29.76,74.89,3.44
57,cabedelo,40,BR,1587235540,70,-6.98,-34.83,86.0,10.29
58,yellowknife,75,CA,1587235233,79,62.46,-114.35,24.01,9.17
59,micheweni,100,TZ,1587235772,82,-4.97,39.83,81.81,15.3
60,vestmannaeyjar,90,IS,1587235772,93,63.44,-20.27,44.6,14.99
61,mehamn,99,NO,1587235295,85,71.04,27.85,35.33,13.09
62,raga,67,SS,1587235772,12,8.46,25.68,82.33,1.63
63,butaritari,98,KI,1587235494,78,3.07,172.79,82.04,14.43
64,puerto ayora,82,ES,1587235335,77,36.59,-6.23,69.8,8.05
65,kaeo,61,NZ,1587235772,95,-35.1,173.78,59.0,5.01
66,bluff,100,NZ,1587235498,93,-46.6,168.33,42.01,5.01
67,coari,90,BR,1587235772,83,-4.08,-63.14,83.37,2.77
68,severo-kurilsk,0,RU,1587235511,88,50.68,156.12,32.68,9.04
69,ibirama,31,BR,1587235773,59,-27.06,-49.52,77.0,5.01
70,borogontsy,25,RU,1587235773,88,62.67,131.17,0.39,3.27
71,suntar,96,RU,1587235773,94,62.14,117.63,11.03,4.79
72,ushuaia,75,AR,1587235274,37,-54.8,-68.3,51.8,12.75
73,asau,52,RO,1587235510,38,46.43,26.4,59.0,6.93
74,kabompo,74,ZM,1587235773,52,-13.59,24.2,70.5,5.44
75,mayfield,1,US,1587235773,50,36.74,-88.64,55.0,3.69
76,roma,90,US,1587235545,60,43.21,-75.46,46.99,9.17
77,alofi,37,NU,1587235549,88,-19.06,-169.92,77.0,6.93
78,greytown,14,ZA,1587235774,73,-29.06,30.59,57.76,2.64
79,chabahar,39,IR,1587235774,67,25.29,60.64,79.29,8.48
80,bredasdorp,0,ZA,1587235451,87,-34.53,20.04,57.2,4.7
81,talnakh,100,RU,1587235508,74,69.49,88.4,37.4,33.55
82,belmonte,90,BR,1587235724,88,-15.86,-38.88,75.2,12.75
83,east london,75,IS,1587235508,65,65.0,-15.0,46.4,23.04
84,mahanoro,28,MG,1587235774,81,-19.9,48.8,76.71,8.46
85,katunino,40,RU,1587235525,86,64.39,40.63,33.8,4.47
86,xining,37,CN,1587235775,27,36.62,101.77,44.64,0.67
87,mangla,2,PK,1587235775,50,31.89,72.38,74.84,6.62
88,mtwara,75,TZ,1587235775,94,-10.27,40.18,77.0,9.17
89,lorengau,64,PG,1587235534,72,-2.02,147.27,82.51,1.45
90,puri,75,IN,1587235775,94,19.8,85.85,75.2,20.36
91,praia,40,CV,1587235775,54,14.92,-23.51,78.8,20.8
92,nioro,61,GM,1587235313,19,13.35,-15.75,94.1,14.52
93,kahului,20,US,1587235388,60,20.89,-156.47,75.2,3.36
94,stornoway,0,GB,1587235328,66,58.21,-6.39,52.0,6.93
95,alta floresta,95,NO,1587235582,80,69.97,23.27,39.2,3.36
96,pisco,3,PE,1587235542,64,-13.7,-76.22,75.99,10.29
97,sumbe,74,AO,1587235300,85,-11.21,13.84,79.63,2.1
98,karema,100,TZ,1587235776,62,-6.82,30.44,75.0,4.52
99,new norfolk,75,LR,1587235205,83,6.65,-10.59,82.4,6.93
100,cabo san lucas,40,BR,1587235776,74,-8.28,-35.03,84.2,6.93
101,castro,36,BR,1587235300,38,-24.79,-50.01,71.24,4.59
102,saldanha,21,ZA,1587235524,30,-33.01,17.94,71.6,6.93
103,san patricio,79,ML,1587235501,11,13.3,-4.9,105.33,4.74
104,taoudenni,53,ML,1587235718,27,22.68,-3.98,92.43,29.01
105,qaanaaq,26,GL,1587235436,82,77.48,-69.36,19.42,11.03
106,mar del plata,40,ES,1587235521,87,43.4,-4.01,60.01,4.7
107,dikson,100,RU,1587235379,91,73.51,80.55,35.91,18.05
108,itaituba,40,BR,1587235777,62,-4.28,-55.98,89.6,2.24
109,avarua,13,CK,1587235492,78,-21.21,-159.78,78.8,3.36
110,hambantota,88,LK,1587235545,77,6.12,81.12,83.25,6.55
111,tessalit,79,ML,1587235556,7,20.2,1.01,98.2,7.38
112,rafaela,0,AR,1587235546,28,-31.25,-61.49,84.0,5.01
113,torbay,75,CA,1587235219,55,47.67,-52.73,39.99,11.41
114,vangaindrano,6,MG,1587235541,86,-23.35,47.6,71.22,2.24
115,nueva italia,75,EC,1587235778,70,-1.72,-79.83,86.0,4.7
116,valparaiso,28,CL,1587235518,53,-33.04,-71.63,71.6,5.82
117,bengkulu,100,ID,1587235506,83,-3.8,102.27,77.99,3.4
118,nouadhibou,0,MR,1587235509,68,20.93,-17.03,71.6,18.34
119,ponta delgada,75,PT,1587235341,88,38.73,-28.27,64.4,9.17
120,bambous virieux,40,MU,1587235504,74,-20.26,57.41,79.0,16.11
121,athabasca,70,CA,1587235621,63,54.72,-113.29,36.52,8.55
122,senneterre,75,CA,1587235503,33,48.38,-77.23,42.8,18.34
123,longyearbyen,40,SJ,1587235312,95,78.22,15.64,32.0,6.93
124,santa isabel,95,PH,1587235306,79,17.49,120.43,77.77,1.5
125,fredericton,1,CA,1587235513,28,45.95,-66.67,48.99,10.29
126,necochea,0,AR,1587235250,41,-38.55,-58.74,81.0,21.0
127,aklavik,75,CA,1587235546,79,68.22,-135.01,23.0,11.41
128,nipawin,90,CA,1587235779,58,53.37,-104.0,30.2,17.22
129,vaini,20,TO,1587235494,83,-21.2,-175.2,77.0,8.05
130,tuatapere,94,NZ,1587235278,93,-46.13,167.68,42.01,5.01
131,zhoucheng,100,CN,1587235314,91,35.91,116.31,52.7,0.49
132,sola,73,VU,1587235780,76,-13.88,167.55,82.44,10.36
133,gizo,68,SB,1587235780,74,-8.1,156.84,81.28,3.11
134,sampit,75,ID,1587235780,97,-2.53,112.95,75.27,2.86
135,shimoda,8,JP,1587235780,81,34.67,138.95,53.01,3.0
136,liverpool,99,GB,1587235709,76,53.41,-2.98,50.0,3.36
137,tasiilaq,90,GL,1587235295,91,65.61,-37.64,32.0,17.22
138,soyo,96,AO,1587235780,81,-6.13,12.37,79.2,6.13
139,marzuq,11,YE,1587235781,46,14.4,46.47,76.19,8.66
140,hofn,99,IS,1587235539,86,64.25,-15.21,44.31,13.35
141,burnie,31,AU,1587235781,91,-41.07,145.92,55.99,3.0
142,rudnichnyy,100,RU,1587235781,92,59.62,52.47,34.57,7.54
143,sydney,20,AU,1587235668,82,-33.87,151.21,59.0,6.93
144,mount gambier,100,GB,1587235509,75,53.66,-1.85,50.0,1.99
145,asyut,0,EG,1587235782,43,27.18,31.18,73.4,17.22
146,khatanga,0,RU,1587235497,93,71.97,102.5,10.49,4.81
147,fertod,99,HU,1587235782,48,47.62,16.89,66.2,4.7
148,charleston,40,US,1587235569,54,32.78,-79.93,82.0,14.99
149,olafsvik,100,IS,1587235544,90,64.89,-23.71,34.79,5.95
150,teknaf,34,BD,1587235783,84,20.86,92.31,77.05,1.97
151,barcelos,20,PT,1587235219,82,41.54,-8.62,62.01,9.17
152,georgetown,40,MY,1587235269,88,5.41,100.34,82.4,4.7
153,kritsa,40,GR,1587235783,72,35.17,25.65,64.4,3.44
154,nanortalik,27,GL,1587235513,88,60.14,-45.24,30.18,3.69
155,bataipora,2,BR,1587235784,40,-22.3,-53.27,80.91,4.72
156,hithadhoo,99,MV,1587235501,74,-0.6,73.08,84.16,12.82
157,pontal do parana,40,BR,1587235745,43,-21.02,-48.04,87.8,2.24
158,morondava,0,MG,1587235784,77,-20.28,44.28,79.32,10.45
159,san matias,79,ML,1587235784,11,13.3,-4.9,105.33,4.74
160,surgut,100,RU,1587235784,61,61.25,73.42,50.0,6.71
161,cherskiy,39,RU,1587235503,87,68.75,161.3,-4.95,6.04
162,verrettes,40,HT,1587235785,36,19.05,-72.47,95.0,9.17
163,nola,40,IT,1587235690,72,40.92,14.53,64.4,4.7
164,bathsheba,20,BB,1587235504,58,13.22,-59.52,86.0,19.46
165,bose,49,IT,1587235351,44,45.46,8.01,66.0,0.36
166,arefu,75,RO,1587235785,66,45.33,24.6,54.0,3.91
167,faya,20,SA,1587235785,82,18.39,42.45,64.4,4.7
168,iqaluit,20,CA,1587235501,65,63.75,-68.51,6.8,3.36
169,kushmurun,99,KZ,1587235785,62,52.45,64.63,53.44,7.72
170,chuy,32,UY,1587235217,70,-33.7,-53.46,70.14,6.78
171,coahuayana,20,MX,1587235786,40,18.73,-103.68,86.0,5.91
172,itoman,75,JP,1587235358,88,26.12,127.67,71.6,5.82
173,alexandria,0,EG,1587235768,77,31.22,29.96,64.4,11.41
174,afareaitu,98,PF,1587235786,70,-17.55,-149.78,84.2,5.82
175,esperance,75,AU,1587235505,100,-33.87,121.9,59.0,16.11
176,orsk,75,RU,1587235787,100,51.2,58.57,41.0,2.24
177,rome,1,US,1587235567,42,34.26,-85.16,64.99,10.29
178,san quintin,79,ML,1587235787,11,13.3,-4.9,105.33,4.74
179,angoche,0,MZ,1587235787,82,-16.23,39.91,78.8,8.16
180,bolhrad,49,UA,1587235787,47,45.68,28.61,52.0,5.82
181,saskylakh,0,RU,1587235394,81,71.92,114.08,8.49,5.06
182,dunedin,95,NZ,1587235303,72,-45.87,170.5,48.0,6.11
183,siuna,41,NI,1587235788,43,13.73,-84.78,89.71,5.17
184,airai,63,TL,1587235523,56,-8.93,125.41,60.13,2.48
185,fairbanks,90,US,1587235203,100,64.84,-147.72,39.99,2.98
186,gorontalo,65,ID,1587235788,88,0.54,123.06,76.28,2.8
187,thompson,75,CA,1587235435,56,55.74,-97.86,12.2,13.87
188,mbabane,46,SZ,1587235789,70,-26.32,31.13,57.9,1.97
189,manresa,100,ES,1587235731,83,41.73,1.83,60.01,8.01
190,port moresby,99,CD,1587235789,58,-7.03,29.76,74.89,3.44
191,narsaq,40,GL,1587235395,43,60.92,-46.05,33.8,5.82
192,soderhamn,83,SE,1587235789,55,61.3,17.06,45.0,1.01
193,sistranda,75,NO,1587235789,93,63.73,8.83,42.8,8.05
194,kaa-khem,0,RU,1587235789,54,51.68,94.73,36.97,2.42
195,adrar,96,MR,1587235108,25,20.5,-10.07,82.8,8.77
196,vardo,75,NO,1587235272,86,70.37,31.11,33.8,11.41
197,constitucion,93,CL,1587235790,74,-35.33,-72.42,68.79,9.37
198,bubaque,100,GW,1587235790,75,11.28,-15.83,77.23,21.7
199,sungaipenuh,100,ID,1587235790,73,-2.08,101.38,66.38,1.63
200,ossora,0,RU,1587235790,88,59.24,163.07,13.28,7.58
201,belica,32,BG,1587235790,43,41.96,23.57,48.99,3.02
202,tukrah,0,LY,1587235791,71,32.53,20.58,59.77,10.92
203,luderitz,11,NA,1587235497,87,-26.65,15.16,60.8,6.93
204,mackay,0,AU,1587235327,88,-21.15,149.2,73.0,4.7
205,hirara,98,JP,1587235791,88,24.8,125.28,73.96,17.45
206,bajo baudo,99,ID,1587235791,73,-3.38,120.31,79.66,4.32
207,culebra,1,PR,1587235740,66,18.3,-65.3,86.0,11.41
208,halifax,95,CA,1587235468,59,44.65,-63.57,43.0,3.0
209,nikolskoye,75,RU,1587235492,94,59.7,30.79,37.4,13.42
210,grand gaube,40,US,1587235444,23,38.88,-109.5,60.8,8.05
211,rawson,100,AR,1587235730,63,-43.3,-65.1,67.28,14.81
212,kodiak,40,US,1587235408,81,57.79,-152.41,44.6,4.7
213,salinopolis,67,BR,1587235792,72,-0.61,-47.36,82.99,3.94
214,chibuto,12,MZ,1587235792,80,-24.69,33.53,70.83,6.26
215,coquimbo,90,CL,1587235410,82,-29.95,-71.34,60.8,9.17
216,bhag,99,PK,1587235792,17,29.04,67.82,87.82,9.08
217,dongsheng,94,CN,1587235793,52,39.82,109.98,40.21,10.54
218,pavlodar,33,KZ,1587235793,52,52.3,76.95,46.4,11.18
219,guerrero negro,7,MX,1587235562,18,17.67,-100.0,95.5,1.48
220,praia da vitoria,40,CV,1587235766,54,14.92,-23.51,78.8,20.8
221,chumikan,96,RU,1587235338,88,54.72,135.31,21.67,7.49
222,gallup,1,US,1587235793,17,35.53,-108.74,57.2,20.8
223,ambilobe,99,MG,1587235507,77,-13.2,49.05,75.83,6.6
224,barrow,1,US,1587235202,91,71.29,-156.79,-7.6,9.17
225,kawalu,100,ID,1587235793,77,-7.38,108.21,73.9,2.28
226,lompoc,90,US,1587235237,67,34.64,-120.46,60.01,8.05
227,san martin,79,ML,1587235784,11,13.3,-4.9,105.33,4.74
228,fortuna,90,US,1587235317,87,40.6,-124.16,57.0,3.36
229,magdagachi,100,RU,1587235794,92,53.45,125.8,24.39,14.94
230,artesia,75,US,1587235794,55,33.87,-118.08,66.0,5.82
231,makakilo city,40,US,1587235794,77,21.35,-158.09,77.0,7.16
232,lac du bonnet,50,AL,1587235794,82,41.64,19.71,57.2,2.24
233,richards bay,90,US,1587235795,50,46.84,-95.91,55.4,16.11
234,ilulissat,75,GL,1587235202,79,69.22,-51.1,24.8,3.36
235,uvat,98,RU,1587235795,74,59.14,68.9,44.65,9.69
236,winchester,66,GB,1587235795,81,51.07,-1.32,53.01,6.93
237,noumea,52,NC,1587235326,88,-22.28,166.46,68.0,4.7
238,lesnoy,70,RU,1587235795,69,57.62,63.08,39.63,8.75
239,voh,99,NC,1587235796,84,-20.97,164.7,73.49,5.39
240,kulhudhuffushi,21,MV,1587235796,74,6.62,73.07,85.96,10.16
241,jiangyou,39,CN,1587235796,68,31.77,104.72,58.78,1.25
242,hue,40,VN,1587235796,94,16.47,107.6,77.0,2.24
243,biswan,84,IN,1587235796,23,27.5,81.0,83.7,4.92
244,arraial do cabo,40,BR,1587235501,44,-22.84,-46.65,78.8,10.29
245,baherden,40,TM,1587235796,36,38.44,57.43,70.68,7.49
246,pilar,75,BR,1587235141,83,-9.6,-35.96,82.4,10.29
247,padang,100,ID,1587235797,77,-0.95,100.35,78.89,0.98
248,vao,26,NC,1587235743,69,-22.67,167.48,75.09,11.03
249,troitsko-pechorsk,99,RU,1587235797,93,62.71,56.2,33.12,2.98
250,mariental,26,NA,1587235797,17,-24.63,17.97,82.96,9.13
251,marawi,7,PH,1587235741,71,8.0,124.29,67.08,2.75
252,ribeira grande,40,ES,1587235518,93,42.75,-8.44,63.0,6.93
253,half moon bay,75,LR,1587235797,83,6.38,-10.7,82.4,10.51
254,cockburn town,50,AU,1587235525,62,-32.08,141.0,51.8,4.05
255,sitka,40,US,1587235404,93,57.05,-135.33,41.0,4.7
256,jacksonville beach,90,US,1587235529,78,30.33,-81.66,78.8,9.17
257,candido de abreu,99,CO,1587235798,87,1.25,-75.6,69.4,2.68
258,kamina,93,CD,1587235798,66,-8.74,24.99,67.64,2.66
259,tambopata,19,PE,1587235798,42,-12.73,-69.18,86.0,9.17
260,erzin,76,TR,1587235798,49,36.96,36.2,69.8,12.75
261,trelew,100,AR,1587235616,59,-43.25,-65.31,69.53,14.94
262,karratha,80,AU,1587235515,64,-20.74,116.85,82.6,10.76
263,gaoual,73,GN,1587235799,15,11.75,-13.2,101.37,6.13
264,tabas,100,IR,1587235799,35,33.6,56.92,71.6,2.24
265,raton,1,US,1587235799,22,36.9,-104.44,66.2,17.22
266,kaitangata,100,NZ,1587235268,88,-46.28,169.85,48.0,7.87
267,englehart,40,CA,1587235800,33,47.82,-79.87,46.4,27.51
268,privolzhsk,68,RU,1587235800,82,57.38,41.29,34.34,5.59
269,aswan,69,EG,1587235800,23,24.09,32.91,73.24,3.38
270,banjar,20,ID,1587235800,100,-8.19,114.97,80.6,1.12
271,torres,31,BR,1587235743,65,-29.34,-49.73,71.49,7.05
272,hami,95,CN,1587235800,20,42.8,93.45,65.14,17.05
273,arroyo,99,ES,1587235800,82,41.61,-4.8,59.0,3.36
274,kalmunai,30,LK,1587235801,79,7.42,81.82,82.35,5.41
275,bedesa,100,ET,1587235801,51,8.9,40.78,67.71,3.76
276,kadoma,100,JP,1587235801,55,34.73,135.58,55.99,1.99
277,houma,90,US,1587235801,88,29.6,-90.72,75.2,8.05
278,anori,96,BR,1587235801,76,-3.77,-61.64,85.28,0.92
279,williston,20,US,1587235599,34,48.15,-103.62,51.8,19.46
280,vasto,62,IT,1587235802,72,42.12,14.71,60.8,4.7
281,xai-xai,0,MZ,1587235296,77,-25.05,33.64,73.6,9.51
282,qaqortoq,40,GL,1587235802,43,60.72,-46.03,33.8,5.82
283,macenta,96,GN,1587235802,72,8.54,-9.47,78.17,2.98
284,bowen,39,AU,1587235802,94,-20.02,148.23,73.0,3.36
285,uige,100,AO,1587235802,75,-7.61,15.06,66.7,2.35
286,concarneau,7,FR,1587235802,87,47.88,-3.92,61.0,3.36
287,birao,60,CF,1587235543,10,10.28,22.79,86.81,3.31
288,kavieng,99,PG,1587235263,76,-2.57,150.8,82.17,0.6
289,lincoln,1,US,1587235803,36,40.8,-96.67,64.4,25.28
290,bonoua,20,CI,1587235803,83,5.27,-3.6,84.2,11.41
291,klaksvik,0,FO,1587235553,75,62.23,-6.59,44.6,11.41
292,dingle,0,PH,1587235546,79,11.0,122.67,80.22,8.52
293,kloulklubed,75,PW,1587235581,88,7.04,134.26,80.6,9.17
294,doha,31,QA,1587235054,69,25.29,51.53,78.01,8.05
295,galatas,0,GR,1587235804,63,37.5,23.45,64.0,1.01
296,zhigansk,30,RU,1587235804,93,66.77,123.37,2.62,12.91
297,kilindoni,100,TZ,1587235804,76,-7.91,39.67,83.19,19.77
298,lagoa,93,PT,1587235292,85,39.05,-27.98,63.09,25.57
299,harper,92,LR,1587235804,82,4.38,-7.72,82.0,9.82
300,mount hagen,100,GB,1587235509,75,53.66,-1.85,50.0,1.99
301,toowoomba,40,AU,1587235805,93,-27.55,151.97,59.0,3.36
302,pandan,47,PH,1587235805,77,14.05,124.17,81.61,11.72
303,denpasar,20,ID,1587235805,100,-8.65,115.22,78.8,4.7
304,baruun-urt,100,MN,1587235517,42,46.68,113.28,44.1,6.8
305,severnyy,35,RU,1587235805,41,50.68,36.55,41.0,8.95
306,pitimbu,40,BR,1587235805,70,-7.47,-34.81,86.0,10.29
307,clyde river,4,US,1587235534,43,41.3,-82.98,51.01,8.01
308,olavarria,0,AR,1587235806,42,-36.89,-60.32,75.99,5.01
309,ponta do sol,75,PT,1587235341,88,38.73,-28.27,64.4,9.17
310,mattru,94,SL,1587235743,68,7.62,-11.83,84.51,7.54
311,altay,75,CN,1587235319,31,47.87,88.12,48.43,4.23
312,victoria,96,HK,1587235513,88,22.29,114.16,75.0,5.01
313,kapenguria,100,KE,1587235806,60,1.25,35.09,58.5,3.67
314,cervo,78,ES,1587235737,1,43.67,-7.41,57.99,2.73
315,yagodnoye,100,RU,1587235806,81,62.55,149.67,-9.33,4.5
316,gorkovskiy,100,RU,1587235807,72,45.65,41.2,51.21,6.31
317,honiara,20,SB,1587235807,100,-9.43,159.95,73.4,3.36
318,tezu,100,IN,1587235807,71,27.92,96.17,71.4,2.06
319,nuristan,51,AF,1587235807,28,35.3,70.83,22.69,3.96
320,sicuani,71,PE,1587235807,16,-14.27,-71.23,57.33,4.09
321,yuza,100,JP,1587235807,77,39.0,139.92,47.5,13.0
322,litovko,47,RU,1587235807,72,49.24,135.17,38.93,6.38
323,laizhou,100,CN,1587235807,65,37.18,119.93,53.13,7.14
324,suez,13,EG,1587235528,52,29.97,32.53,70.38,15.79
325,kitimat,5,CA,1587235511,54,54.05,-128.65,57.99,9.17
326,norwalk,90,US,1587235808,67,33.9,-118.08,66.0,4.7
327,ust-nera,99,RU,1587235808,76,64.57,143.2,-9.63,6.17
328,ostrovnoy,100,RU,1587235720,95,68.05,39.51,32.45,12.5
329,namibe,69,AO,1587235553,70,-15.2,12.15,74.34,5.64
330,port hardy,99,CD,1587235808,58,-7.03,29.76,74.89,3.44
331,tautira,82,PF,1587235808,70,-17.73,-149.15,84.2,5.82
332,foumban,77,CM,1587235808,62,5.73,10.9,71.24,2.82
333,ranot,95,TH,1587235809,79,7.78,100.32,82.18,6.33
334,bontang,93,ID,1587235809,83,0.13,117.5,79.03,7.56
335,weyburn,85,CA,1587235809,50,49.67,-103.85,42.01,25.01
336,vila,40,PT,1587235809,82,42.03,-8.16,57.2,4.7
337,saint-francois,98,FR,1587235809,55,46.42,3.91,66.2,2.08
338,verkhnyaya inta,98,RU,1587235809,96,60.98,40.21,29.79,3.33
339,troitskiy,95,RU,1587235809,61,57.06,63.75,43.56,8.3
340,hegang,0,CN,1587235809,47,47.4,130.37,47.71,4.5
341,kanniyakumari,9,IN,1587235810,71,8.08,77.57,85.21,4.85
342,mogadishu,88,SO,1587235810,75,2.04,45.34,84.54,13.35
343,baykit,46,RU,1587235553,92,61.67,96.37,20.35,2.13
344,mandalgovi,84,MN,1587235810,45,45.76,106.27,34.7,27.51
345,bosaso,87,SO,1587235810,71,11.28,49.18,84.49,8.08
346,svobodnyy,100,RU,1587235810,59,51.4,128.13,38.3,13.58
347,nambucca heads,75,AU,1587235810,93,-30.63,152.98,60.8,3.02
348,avera,1,US,1587235811,36,33.19,-82.53,77.0,12.75
349,pimenta bueno,91,BR,1587235811,56,-20.48,-45.8,76.64,4.23
350,galdar,15,ES,1587235660,64,28.15,-15.65,65.8,16.22
351,hamilton,75,US,1587235505,46,39.18,-84.53,54.0,8.05
352,portland,90,US,1587235701,76,45.52,-122.68,52.0,8.05
353,aron,92,IN,1587235811,24,24.38,77.42,84.78,8.08
354,addis zemen,99,US,1587235811,87,30.35,-91.27,73.99,1.01
355,zhigalovo,76,RU,1587235812,85,54.81,105.16,23.5,7.81
356,isilkul,100,RU,1587235812,52,54.91,71.27,54.91,4.16
357,mahebourg,40,MU,1587235499,74,-20.41,57.7,79.0,16.11
358,jumla,39,NP,1587235812,30,29.27,82.18,45.84,2.48
359,garoua,74,CM,1587235812,22,9.3,13.4,100.4,6.93
360,margate,20,GB,1587235548,89,51.38,1.39,50.0,15.61
361,camacha,40,PT,1587235741,68,33.08,-16.33,66.2,14.99
362,chapais,1,CA,1587235692,32,49.78,-74.85,39.2,25.28
363,muros,64,ES,1587235813,77,42.78,-9.06,63.0,1.99
364,las navas,19,PL,1587235813,8,49.74,19.43,52.0,4.36
365,yorkton,75,CA,1587235813,59,51.22,-102.47,35.6,21.92
366,galveston,90,US,1587235526,83,29.37,-94.97,72.0,11.41
367,samarai,47,PG,1587235038,81,-10.62,150.67,79.48,1.14
368,kismayo,100,SO,1587235587,77,-0.36,42.55,84.13,10.83
369,san isidro,79,ML,1587235814,11,13.3,-4.9,105.33,4.74
370,villarrubia de los ojos,80,ES,1587235814,60,37.85,-4.9,69.8,5.82
371,kavaratti,1,IN,1587235734,70,10.57,72.64,84.74,6.35
372,vila velha,40,PT,1587235557,82,42.03,-8.16,57.2,4.7
373,oistins,20,BB,1587235704,58,13.07,-59.53,86.0,19.46
374,namatanai,100,PG,1587235755,77,-3.67,152.43,81.41,3.33
375,moron,0,AR,1587235814,50,-34.65,-58.62,78.01,9.04
376,hailar,100,CN,1587235767,52,49.2,119.7,47.12,11.23
377,kerrville,90,US,1587235733,82,30.05,-99.14,60.8,3.36
378,rundu,95,NA,1587235336,51,-17.93,19.77,80.6,3.36
379,moose factory,1,US,1587235555,44,43.66,-110.72,44.6,3.98
380,saint-pierre,20,RE,1587235347,78,-21.34,55.48,77.0,10.29
381,luwuk,68,ID,1587235815,75,-0.95,122.79,80.8,2.33
382,santa rosa,95,PH,1587235306,79,17.49,120.43,77.77,1.5
383,sabang,20,ID,1587235815,74,5.89,95.32,83.1,5.28
384,babu,91,CN,1587235816,86,24.42,111.52,70.09,2.26
385,jalingo,58,NG,1587235816,30,8.88,11.37,93.49,5.7
386,cidreira,3,BR,1587235504,65,-30.18,-50.21,71.73,10.78
387,garowe,49,SO,1587235816,56,8.41,48.48,81.55,16.53
388,yeniseysk,88,RU,1587235816,86,58.45,92.17,34.45,7.52
389,lata,68,PT,1587235324,69,40.16,-8.33,63.0,4.0
390,sturgeon bay,75,US,1587235816,48,40.38,-80.21,48.0,9.17
391,biltine,1,TD,1587235817,10,14.53,20.92,86.45,9.04
392,tyrma,49,RU,1587235817,60,50.08,132.17,40.21,3.22
393,husavik,90,IS,1587235497,57,66.04,-17.34,50.0,49.44
394,ahipara,65,NZ,1587235534,84,-35.17,173.17,63.79,10.96
395,mabaruma,51,GY,1587235817,57,8.2,-59.78,86.74,7.72
396,tual,100,ID,1587235817,76,-5.67,132.75,83.93,7.76
397,tikhvin,100,RU,1587235817,94,59.65,33.53,34.25,5.64
398,bagdarin,97,RU,1587235520,86,54.43,113.6,18.16,3.94
399,chaihe,0,CN,1587235818,63,44.77,129.7,43.36,2.3
400,port lincoln,99,CD,1587235818,58,-7.03,29.76,74.89,3.44
401,artyom,75,AZ,1587235521,93,40.47,50.33,48.2,11.41
402,calvia,84,ES,1587235818,73,39.57,2.51,69.8,10.29
403,porto tolle,40,PT,1587235653,87,41.15,-8.61,62.01,9.17
404,tyulgan,94,RU,1587235818,78,52.34,56.17,39.56,7.54
405,bilibino,13,RU,1587235818,81,68.05,166.44,-8.21,5.03
406,oksfjord,98,NO,1587235818,79,70.24,22.35,37.0,9.19
407,banda aceh,4,IN,1587235819,19,25.48,80.33,90.54,11.59
408,huntington,90,US,1587235819,56,38.42,-82.45,48.0,4.09
409,wadi musa,84,IN,1587235819,22,17.07,76.98,91.17,3.85
410,boguchany,49,RU,1587235819,93,58.38,97.45,25.88,4.36
411,puertollano,79,ES,1587235819,62,38.69,-4.11,68.0,1.01
412,geraldton,75,AU,1587235463,88,-28.77,114.6,66.2,6.93
413,gunnedah,1,AU,1587235819,100,-30.98,150.25,39.2,1.7
414,skelleftea,1,SE,1587235724,64,64.75,20.95,37.99,3.36
415,champerico,20,GT,1587235350,39,14.3,-91.92,95.0,4.7
416,goundam,76,ML,1587235820,7,16.41,-3.67,104.43,9.89
417,birjand,20,IR,1587235525,71,32.87,59.22,53.6,11.41
418,lubango,92,AO,1587235820,51,-14.92,13.49,61.74,3.74
419,alfonsine,100,IT,1587235820,77,44.51,12.06,62.6,3.36
420,oussouye,56,SN,1587235820,61,12.48,-16.55,89.6,16.11
421,luau,95,AO,1587235821,66,-10.71,22.22,68.76,1.23
422,talcahuano,75,CL,1587235718,68,-36.72,-73.12,69.8,3.36
423,loa janan,90,US,1587235766,50,38.4,-111.64,51.01,10.0
424,kindu,92,CD,1587235821,73,-2.95,25.95,74.12,1.57
425,koboko,96,UG,1587235821,68,3.41,30.96,65.07,2.75
426,barsi,67,IN,1587235821,30,18.23,75.7,88.97,13.22
427,goedereede,74,NL,1587235821,92,51.82,3.98,51.01,13.15
428,mugur-aksy,59,RU,1587235821,44,50.35,90.5,28.69,3.18
429,maniitsoq,100,GL,1587235522,92,65.42,-52.9,26.26,15.41
430,formosa do rio preto,0,AR,1587235822,37,-26.18,-58.18,84.2,4.7
431,antalaha,92,MG,1587235797,82,-14.9,50.28,76.64,9.33
432,tutoia,40,BR,1587235822,74,-2.76,-42.27,86.0,6.93
433,qesarya,20,IL,1587235822,77,32.52,34.9,68.0,5.82
434,newport,93,GB,1587235254,94,51.59,-3.0,50.0,10.2
435,beyneu,78,KZ,1587235822,36,45.32,55.2,65.48,6.11
436,lunglei,80,IN,1587235823,82,22.88,92.73,66.13,3.29
437,payo,95,ID,1587235531,89,-3.75,103.64,74.84,2.24
438,waipawa,9,NZ,1587235331,59,-41.41,175.52,60.8,13.87
439,schwarzenberg,80,DE,1587235823,73,50.55,12.78,57.99,3.0
440,khandyga,15,RU,1587235823,87,62.67,135.6,-4.92,2.55
441,tongzi,0,CN,1587235823,76,28.78,105.09,62.29,0.29
442,purpe,100,RU,1587235823,70,64.48,76.69,39.0,22.97
443,seoul,40,KR,1587235324,81,37.57,126.98,51.8,0.94
444,iisalmi,81,FI,1587235824,88,63.56,27.19,35.6,10.29
445,nyurba,69,RU,1587235824,93,63.28,118.33,6.75,4.54
446,buta,60,CD,1587235317,79,2.79,24.73,73.49,1.95
447,mao,20,ES,1587235544,88,39.89,4.27,64.4,8.05
448,mount isa,100,GB,1587235540,75,53.66,-1.85,50.0,1.99
449,montrose,90,US,1587235824,24,38.42,-108.27,57.0,11.41
450,jibuti,75,DJ,1587235824,74,11.5,42.5,86.0,4.7
451,kazachinskoye,36,RU,1587235824,88,57.7,93.28,33.44,7.43
452,kailua,1,US,1587235521,54,21.4,-157.74,80.6,10.29
453,naze,90,JP,1587235825,82,28.37,129.48,64.4,4.7
454,kiama,94,AU,1587235825,100,-34.68,150.87,53.01,5.82
455,puebloviejo,20,CO,1587235825,62,10.99,-74.28,98.01,5.82
456,ayr,3,GB,1587235366,58,55.46,-4.63,53.6,12.75
457,pacifica,90,US,1587235541,71,37.61,-122.49,60.01,9.17
458,qasigiannguit,75,GL,1587235825,79,68.82,-51.19,24.8,3.36
459,nabire,99,ID,1587235533,87,-3.37,135.48,76.86,2.48
460,san carlos de bariloche,79,ML,1587235278,11,13.3,-4.9,105.33,4.74
461,morlaix,25,FR,1587235826,87,48.58,-4.0,57.2,4.7
462,formoso do araguaia,76,BR,1587235826,52,-14.95,-46.23,80.22,5.97
463,hervey bay,1,US,1587235549,51,33.5,-93.78,60.8,8.05
464,palma soriano,85,ES,1587235826,73,39.57,2.65,69.8,10.29
465,gat,2,IL,1587235551,74,31.61,34.76,68.0,9.62
466,terney,63,RU,1587235827,68,45.05,136.61,39.07,2.37
467,mikhaylovka,30,RU,1587235827,64,50.06,43.24,41.54,7.11
468,sao filipe,30,IN,1587235501,19,20.51,76.21,89.26,10.18
469,flinders,92,AU,1587235827,83,-34.58,150.86,53.01,1.01
470,puerto escondido,82,ES,1587235827,77,36.59,-6.23,69.01,8.05
471,deputatskiy,0,RU,1587235559,73,69.3,139.9,-15.95,1.83
472,port-gentil,40,GA,1587235543,83,-0.72,8.78,84.2,8.05
473,ancud,75,CL,1587235214,82,-41.87,-73.82,60.8,14.99
474,san mateo del mar,79,ML,1587235828,11,13.3,-4.9,105.33,4.74
475,san cristobal,79,ML,1587235501,11,13.3,-4.9,105.33,4.74
476,oktyabrskoye,97,RU,1587235442,65,43.06,44.74,46.4,8.95
477,nizhniy tsasuchey,100,RU,1587235526,54,45.39,39.24,55.4,8.95
478,mocuba,1,MZ,1587235828,94,-16.84,36.99,71.19,3.89
479,yaan,55,NG,1587235599,55,7.38,8.57,87.3,7.0
480,nagorsk,94,RU,1587235828,91,59.32,50.81,33.84,3.87
481,fillmore,1,US,1587235828,49,43.67,-92.1,59.0,24.16
482,sundargarh,19,IN,1587235829,24,22.12,84.03,86.18,4.74
483,kyra,46,RU,1587235541,54,49.58,111.98,32.41,10.13
484,nuevo progreso,75,US,1587235829,71,33.8,-117.15,60.01,6.35
485,cascais,77,PT,1587235829,79,38.7,-9.42,63.0,12.66
486,libreville,20,GA,1587235581,79,0.39,9.45,84.2,6.93
487,yulara,0,AU,1587235829,42,-25.24,130.99,68.0,6.93
488,awbari,21,LY,1587235829,16,26.59,12.78,87.67,11.9
489,lima,25,PE,1587235704,65,-12.04,-77.03,77.0,5.82
490,zharkent,0,KZ,1587235830,27,44.16,80.0,58.32,2.39
491,umba,83,RU,1587235546,95,66.69,34.34,32.65,11.72
492,skjervoy,100,NO,1587235322,90,70.03,20.97,40.35,16.55
493,dudinka,100,RU,1587235830,74,69.41,86.18,37.4,33.55
494,bandarbeyla,82,SO,1587235830,69,9.49,50.81,81.97,9.86
495,nishihara,1,JP,1587235830,88,26.18,127.76,71.6,6.93
496,okato,49,NZ,1587235830,89,-39.2,173.88,57.0,8.99
497,bhayavadar,0,IN,1587235831,44,21.85,70.25,83.7,12.55
498,chatellerault,62,FR,1587235831,59,46.8,0.53,66.2,3.36
499,rabak,33,SD,1587235831,11,13.18,32.74,88.21,11.81
500,tchibanga,84,GA,1587235812,87,-2.85,11.03,74.86,3.27
501,eaton socon,40,US,1587235831,40,42.6,-84.85,53.6,17.22
502,nome,90,US,1587235333,100,64.5,-165.41,33.8,9.17
503,dera gopipur,100,ET,1587235831,49,8.33,39.32,67.19,0.27
504,ponta pora,75,PT,1587235831,88,38.73,-28.27,64.4,10.29
505,boa viagem,62,CM,1587235831,79,4.43,8.97,80.91,4.7
506,leningradskiy,51,RU,1587235555,89,69.38,178.42,-3.64,7.58
507,moroni,97,KM,1587235832,77,-11.7,43.26,82.54,12.19
508,ucluelet,90,CA,1587235334,87,48.93,-125.55,60.01,6.93
509,jining,100,CN,1587235322,90,35.41,116.58,52.21,5.37
510,grand river south east,40,US,1587235494,23,38.88,-109.5,60.8,8.05
511,kostomuksha,96,RU,1587235832,87,64.57,30.58,32.49,10.31
512,bonavista,69,CA,1587235523,52,48.65,-53.11,37.0,10.0
513,kisaran,72,ID,1587235832,92,2.98,99.62,76.51,3.6
514,bang saphan,68,CM,1587235832,9,9.87,13.98,92.59,3.4
515,boa vista,62,CM,1587235831,79,4.43,8.97,80.91,4.7
516,jinchang,0,CN,1587235833,30,38.5,102.17,47.97,6.15
517,hit,13,IQ,1587235833,24,33.64,42.83,78.75,2.35
518,zarand,99,IR,1587235833,28,30.81,56.56,61.88,3.78
519,mata,94,PT,1587235833,71,40.68,-7.46,62.01,5.01
520,buchen,51,DE,1587235833,62,49.52,9.32,62.01,6.17
521,baeza,74,ES,1587235751,49,37.99,-3.47,72.0,8.88
522,hirado,78,JP,1587235833,89,33.36,129.55,55.0,15.39
523,dharchula,13,IN,1587235833,28,29.85,80.53,57.06,7.85
524,sohag,6,EG,1587235833,27,26.56,31.69,77.0,8.05
525,marienburg,65,PL,1587235834,100,54.04,19.03,39.0,7.56
526,maine-soroa,74,NE,1587235834,10,13.21,12.02,89.67,10.58
527,fukue,85,JP,1587235342,70,32.69,128.84,59.27,13.69
528,carahue,40,CL,1587235834,68,-38.7,-73.17,68.0,10.29
529,isangel,79,VU,1587235393,82,-19.55,169.27,78.85,10.58
530,kalispell,90,US,1587235834,75,48.2,-114.31,45.0,11.41
531,pimentel,61,PE,1587235576,58,-6.84,-79.93,84.2,10.29
532,zyryanka,100,RU,1587235834,92,65.75,150.85,-0.72,19.33
533,swan hill,100,PH,1587235835,86,18.22,121.38,76.1,5.66
534,chornobay,40,UA,1587235835,57,49.67,32.32,43.61,5.44
535,soto la marina,0,AR,1587235346,36,-32.81,-61.4,82.99,13.87
536,ngunguru,62,NZ,1587235835,98,-35.62,174.5,59.0,11.79
537,shubarshi,63,KZ,1587235267,49,48.59,57.19,52.86,7.72
538,santa catarina de tepehuanes,95,PH,1587235835,79,17.49,120.43,77.77,1.5
539,antofagasta,20,CL,1587235289,64,-23.65,-70.4,68.0,12.75
540,tigil,100,RU,1587235835,96,57.8,158.67,25.84,9.64
541,ocean springs,90,US,1587235686,70,39.9,-74.22,48.99,10.29
542,marathon,1,US,1587235836,32,44.9,-89.77,55.4,17.22
543,manzanillo,4,CU,1587235836,36,20.34,-77.12,92.57,4.41
544,mahibadhoo,15,MV,1587235836,74,3.78,72.97,85.77,8.25
545,uruacu,100,BR,1587235836,72,-14.52,-49.14,78.26,2.04
546,moerai,100,PF,1587235836,77,-22.43,-151.33,80.22,9.04
547,vega de alatorre,1,US,1587235836,42,35.24,-102.43,66.2,17.22
548,labuhan,70,ID,1587235836,82,-6.88,112.21,79.86,1.1
549,buraydah,50,SA,1587235836,54,26.33,43.98,78.8,19.46
550,shelburne,49,CA,1587235837,44,44.08,-80.2,46.99,15.88
551,komsomolskiy,6,UZ,1587235301,47,40.43,71.72,59.0,6.93
552,zemio,39,CF,1587235837,65,5.03,25.14,75.29,3.4
553,dalvik,90,IS,1587235509,57,65.97,-18.53,50.0,49.44
554,sao gabriel da cachoeira,30,IN,1587235837,19,20.51,76.21,89.26,10.18
555,mangrol,0,IN,1587235837,63,21.12,70.12,81.91,13.35
